<forms>
  <form>
    <!-- The Start name is an empty String in the Bonita implementation -->
    <resource-bundle>request</resource-bundle>
    <state-name></state-name>
    <variable name="start" component="date"/>
    <variable name="end" component="date"/>
    <!-- No need to specify Submit buttons in the Bonita implementation -->
  </form>

  <form>
    <resource-bundle>evaluation</resource-bundle>
    <state-name>evaluation</state-name>
    <variable name="initiator" editable="false"/>
    <variable name="start" component="date"/>
    <variable name="end" component="date"/>
    <variable name="decision" component="radiobox"/>
    <!-- No need to specify Submit buttons in the Bonita implementation -->
  </form>

 <form>
    <resource-bundle>change-request</resource-bundle>
    <state-name>change request</state-name>
    <variable name="start" component="date"/>
    <variable name="end" component="date"/>
    <variable name="changedecision" component="radiobox"/>
    <!-- No need to specify Submit buttons in the Bonita implementation -->
  </form>

  <form>
    <resource-bundle>hr-acknoledgement</resource-bundle>
    <state-name>hr acknowledgement</state-name>
    <variable name="initiator" editable="false"/>
    <variable name="start" component="date" editable="false"/>
    <variable name="end" component="date" editable="false"/>
    <!-- No need to specify Submit buttons in the Bonita implementation -->
  </form>

  <form>
    <resource-bundle>assign-replacement</resource-bundle>
    <state-name>assign replacement</state-name>
    <variable name="initiator" editable="false"/>
    <variable name="start" component="date" editable="false"/>
    <variable name="end" component="date" editable="false"/>
    <variable name="replacement"/>
    <!-- No need to specify Submit buttons in the Bonita implementation -->
  </form>

</forms>
